Timestamp,Indoor_Temp_C,Indoor_Humidity_Percent
10/1/24 0:00,17.47,85.64
10/1/24 4:00,17.41,84.37
10/1/24 8:00,20.69,73.82
10/1/24 12:00,26.63,37.54
10/1/24 16:00,27.57,37.13
10/1/24 20:00,22.64,69.16
10/2/24 0:00,20.73,78.11
10/2/24 4:00,21.05,67.78
10/2/24 8:00,22.27,59.54
10/2/24 12:00,28.18,39.76
10/2/24 16:00,24.15,65.57
10/2/24 20:00,22.62,81.08
10/3/24 0:00,20.61,84.28
10/3/24 4:00,20.25,87.08
10/3/24 8:00,22.92,71.97
10/3/24 12:00,28.91,25.14
10/3/24 16:00,25.3,43.94
10/3/24 20:00,21.58,67.72
10/4/24 0:00,20.41,66.47
10/4/24 4:00,19.52,64.25
10/4/24 8:00,20.35,55.72
10/4/24 12:00,25.14,30.6
10/4/24 16:00,24.23,42.07
10/4/24 20:00,21.09,70
10/5/24 0:00,20,71.32
10/5/24 4:00,18.03,71.96
10/5/24 8:00,19.59,68.57
10/5/24 12:00,23.57,42.28
10/5/24 16:00,22.64,48.97
10/5/24 20:00,19.3,60.4
10/6/24 0:00,18.54,70.82
10/6/24 4:00,15.87,80.77
10/6/24 8:00,18.71,67.46
10/6/24 12:00,25.58,31.72
10/6/24 16:00,23.71,42.36
10/6/24 20:00,20.63,70.02
10/7/24 0:00,19.41,84.18
10/7/24 4:00,18.36,86.53
10/7/24 8:00,21.5,72.89
10/7/24 12:00,27.91,34.61
10/7/24 16:00,26.64,46.39
10/7/24 20:00,24.01,54.1
10/8/24 0:00,23.58,62.15
10/8/24 4:00,22.87,68.71
10/8/24 8:00,24.08,61.55
10/8/24 12:00,29.11,32.76
10/8/24 16:00,27.89,40.34
10/8/24 20:00,21.43,81.32
10/9/24 0:00,19.8,86.43
10/9/24 4:00,19.02,83.16
10/9/24 8:00,20.63,74.95
10/9/24 12:00,26.6,33.81
10/9/24 16:00,25.37,39.77
10/9/24 20:00,22.25,62.08
10/10/24 0:00,21.04,78.03
10/10/24 4:00,22.08,62.02
10/10/24 8:00,23.42,40.68
10/10/24 12:00,28.38,32.19
10/10/24 16:00,26.43,42.83
10/10/24 20:00,21.92,67.27
10/11/24 0:00,21.13,76.17
10/11/24 4:00,21.22,76.74
10/11/24 8:00,21.75,69.88
10/11/24 12:00,24.36,42.87
10/11/24 16:00,24.36,43.73
10/11/24 20:00,20.83,66.89
10/12/24 0:00,18.88,76.56
10/12/24 4:00,19.01,82.16
10/12/24 8:00,20.45,72.74
10/12/24 12:00,25.18,44.27
10/12/24 16:00,23.6,52.62
10/12/24 20:00,21.44,71.38
10/13/24 0:00,19.98,83.09
10/13/24 4:00,19.6,80.68
10/13/24 8:00,20.81,69.69
10/13/24 12:00,27.95,36.51
10/13/24 16:00,28.69,34.5
10/13/24 20:00,23.3,68.09
10/14/24 0:00,21.21,87.81
10/14/24 4:00,19.81,89.57
10/14/24 8:00,21.34,76.7
10/14/24 12:00,28.37,38.17
10/14/24 16:00,27.14,48.11
10/14/24 20:00,22.43,66.64
10/15/24 0:00,20.58,86.23
10/15/24 4:00,20.31,89.04
10/15/24 8:00,21.24,81.6
10/15/24 12:00,30.07,24.37
10/15/24 16:00,28.36,37.77
10/15/24 20:00,23.46,68.93
10/16/24 0:00,22.12,77.03
10/16/24 4:00,20.38,83.57
10/16/24 8:00,21.67,77.65
10/16/24 12:00,26.85,39.23
10/16/24 16:00,26.87,40.59
10/16/24 20:00,23.5,67.06
10/17/24 0:00,22.68,67.4
10/17/24 4:00,21.83,76.25
10/17/24 8:00,22.13,66.02
10/17/24 12:00,27.7,42.61
10/17/24 16:00,25.47,60.37
10/17/24 20:00,23,69.95
10/18/24 0:00,20.98,87.5
10/18/24 4:00,20.39,87.39
10/18/24 8:00,20.26,72.18
10/18/24 12:00,21.95,67.31
10/18/24 16:00,19.47,85.84
10/18/24 20:00,19.02,85.01
10/19/24 0:00,18.77,80.31
10/19/24 4:00,17.92,77.11
10/19/24 8:00,17.98,74.1
10/19/24 12:00,21.32,52.43
10/19/24 16:00,19.58,61.77
10/19/24 20:00,16.87,75.65
10/20/24 0:00,17.72,77.6
10/20/24 4:00,17.29,80.93
10/20/24 8:00,18.22,70.92
10/20/24 12:00,21.87,54.25
10/20/24 16:00,20.32,66.62
10/20/24 20:00,17.76,76.23
10/21/24 0:00,17.29,83.99
10/21/24 4:00,17.74,85.68
10/21/24 8:00,18.6,82.5
10/21/24 12:00,22.11,56.95
10/21/24 16:00,21.14,61.33
10/21/24 20:00,20.06,78.17
10/22/24 0:00,19.14,82.98
10/22/24 4:00,18.26,85.43
10/22/24 8:00,18.92,79.75
10/22/24 12:00,22.05,66.53
10/22/24 16:00,21.58,70.69
10/22/24 20:00,18.87,89.42
10/23/24 0:00,19.73,86.02
10/23/24 4:00,18.62,87.92
10/23/24 8:00,19.76,86.82
10/23/24 12:00,22.91,64.6
10/23/24 16:00,21.08,76.01
10/23/24 20:00,19.63,87.69
10/24/24 0:00,18.79,86.19
10/24/24 4:00,18.64,87.23
10/24/24 8:00,21.24,82.28
10/24/24 12:00,25.08,53.84
10/24/24 16:00,23.8,58.75
10/24/24 20:00,20.82,74.6
10/25/24 0:00,20.85,77.64
10/25/24 4:00,19.3,79.14
10/25/24 8:00,21.13,72.23
10/25/24 12:00,24.4,44.8
10/25/24 16:00,23.33,53.28
10/25/24 20:00,21.02,67.32
10/26/24 0:00,20,71.3
10/26/24 4:00,19.43,72.37
10/26/24 8:00,21.24,64.62
10/26/24 12:00,23.98,48.25
10/26/24 16:00,22.53,56.32
10/26/24 20:00,20.36,78.73
10/27/24 0:00,18.44,85.28
10/27/24 4:00,18.21,87.01
10/27/24 8:00,19.53,81.37
10/27/24 12:00,22.97,63.21
10/27/24 16:00,21.24,66.9
10/27/24 20:00,21.52,70.51
10/28/24 0:00,21.16,73.77
10/28/24 4:00,20.95,77.26
10/28/24 8:00,22.07,68.4
10/28/24 12:00,24.12,55.87
10/28/24 16:00,23.18,59.07
10/28/24 20:00,20.92,76.6
10/29/24 0:00,20.27,82.01
10/29/24 4:00,20.3,85.42
10/29/24 8:00,21.4,73.48
10/29/24 12:00,24.01,53.97
10/29/24 16:00,23.84,53.18
10/29/24 20:00,21.08,77.45
10/30/24 0:00,20.08,85.4
10/30/24 4:00,19.53,86.77
10/30/24 8:00,20.58,86.39
10/30/24 12:00,24.62,56.15
10/30/24 16:00,23.41,61
10/30/24 20:00,20.47,79.11
10/31/24 0:00,20.34,86.57
10/31/24 4:00,19.19,85.43
10/31/24 8:00,20.75,82.87
10/31/24 12:00,23.92,59.42
10/31/24 16:00,23.65,58.75
10/31/24 20:00,20.61,82.46
11/1/24 0:00,20.22,83.2
11/1/24 4:00,19.93,83.88
11/1/24 8:00,21.1,75.58
11/1/24 12:00,24.19,51.94
11/1/24 16:00,23.03,60.35
11/1/24 20:00,20.47,79.22
11/2/24 0:00,19.13,83.03
11/2/24 4:00,18.39,82.02
11/2/24 8:00,19.08,79.04
11/2/24 12:00,24.14,49.21
11/2/24 16:00,23.15,53.63
11/2/24 20:00,19.86,78.29
11/3/24 0:00,18.7,84.51
11/3/24 4:00,17.62,88.9
11/3/24 8:00,18.26,90.28
11/3/24 12:00,23.19,55.6
11/3/24 16:00,21.47,68.57
11/3/24 20:00,19.22,81.69
11/4/24 0:00,19.31,78.14
11/4/24 4:00,17.88,88.95
11/4/24 8:00,17.68,86.53
11/4/24 12:00,23.28,54.13
11/4/24 16:00,22.23,65.12
11/4/24 20:00,20.1,85
11/5/24 0:00,18.19,90.43
11/5/24 4:00,18.17,90.5
11/5/24 8:00,18.92,89.85
11/5/24 12:00,22.11,64.27
11/5/24 16:00,22.18,69.26
11/5/24 20:00,19.36,83.03
11/6/24 0:00,19.15,88.29
11/6/24 4:00,18.81,88.33
11/6/24 8:00,18.84,88.49
11/6/24 12:00,21.78,64.71
11/6/24 16:00,21.04,65.48
11/6/24 20:00,18.27,87.43
11/7/24 0:00,17.25,89.04
11/7/24 4:00,17.14,88.05
11/7/24 8:00,17.7,81.9
11/7/24 12:00,23.05,55.59
11/7/24 16:00,18.54,82.97
11/7/24 20:00,17.3,85.72
11/8/24 0:00,16.39,86.83
11/8/24 4:00,16.5,81.34
11/8/24 8:00,17.48,70.39
11/8/24 12:00,22.83,44.51
11/8/24 16:00,22.96,44.74
11/8/24 20:00,17.97,85.27
11/9/24 0:00,17.85,88.96
11/9/24 4:00,16.02,89.91
11/9/24 8:00,16.6,88.53
11/9/24 12:00,21.9,55.3
11/9/24 16:00,19.92,70.08
11/9/24 20:00,17.97,85.72
11/10/24 0:00,17.09,87.53
11/10/24 4:00,17.95,86.01
11/10/24 8:00,17.19,87.45
11/10/24 12:00,20.15,64.88
11/10/24 16:00,17.86,79.66
11/10/24 20:00,17.31,89.46
11/11/24 0:00,16.07,86.54
11/11/24 4:00,15.79,87.15
11/11/24 8:00,15.68,86.87
11/11/24 12:00,20.06,65.57
11/11/24 16:00,18.63,73.43
11/11/24 20:00,17.01,84.31
11/12/24 0:00,16.48,85.87
11/12/24 4:00,15.81,87.07
11/12/24 8:00,16.07,86.71
11/12/24 12:00,20.31,59.28
11/12/24 16:00,17.54,78.55
11/12/24 20:00,16.89,83.67
11/13/24 0:00,16.19,85.94
11/13/24 4:00,15.45,87.23
11/13/24 8:00,15.18,85.14
11/13/24 12:00,19.6,57.89
11/13/24 16:00,21.05,53.07
11/13/24 20:00,18.88,76.17
11/14/24 0:00,15.63,84.6
11/14/24 4:00,15,84.74
11/14/24 8:00,14.87,78.37
11/14/24 12:00,20.95,53.12
11/14/24 16:00,21.73,52.63
11/14/24 20:00,18.43,80.28
11/15/24 0:00,16.24,90.61
11/15/24 4:00,16,86.08
11/15/24 8:00,16.84,83.62
11/15/24 12:00,19.45,65.32
11/15/24 16:00,18.85,66.67
11/15/24 20:00,16.7,78.71
11/16/24 0:00,14.84,77.55
11/16/24 4:00,13.47,83.91
11/16/24 8:00,14.56,79.33
11/16/24 12:00,18.84,55.18
11/16/24 16:00,19.15,58.73
11/16/24 20:00,16.44,74.49
11/17/24 0:00,14.86,81.1
11/17/24 4:00,13.02,85.79
11/17/24 8:00,13.29,86.76
11/17/24 12:00,20.14,59.49
11/17/24 16:00,21.54,58.38
11/17/24 20:00,17.96,70.88
11/18/24 0:00,14.96,77.94
11/18/24 4:00,15.05,78.18
11/18/24 8:00,15.6,77.06
11/18/24 12:00,21.07,61.38
11/18/24 16:00,21.47,62.52
11/18/24 20:00,17.79,79.73
11/19/24 0:00,16.54,86.09
11/19/24 4:00,15.66,84.64
11/19/24 8:00,15,86.45
11/19/24 12:00,20.28,65.03
11/19/24 16:00,21.71,61.3
11/19/24 20:00,18.89,77.47
11/20/24 0:00,16.65,80.09
11/20/24 4:00,16.36,78.32
11/20/24 8:00,17.33,72.9
11/20/24 12:00,21.54,51.33
11/20/24 16:00,21.61,49.12
11/20/24 20:00,18.32,68.21
11/21/24 0:00,17.75,72.33
11/21/24 4:00,18.1,73.48
11/21/24 8:00,17.1,73.38
11/21/24 12:00,20.33,58.86
11/21/24 16:00,20.3,54.87
11/21/24 20:00,17.05,78.16
11/22/24 0:00,16.3,69.86
11/22/24 4:00,15.42,63.61
11/22/24 8:00,15.5,59.14
11/22/24 12:00,21.07,43.51
11/22/24 16:00,19.25,64.44
11/22/24 20:00,18.18,70.24
11/23/24 0:00,15.78,62.85
11/23/24 4:00,15.15,57.57
11/23/24 8:00,15.26,64.23
11/23/24 12:00,17.68,43.75
11/23/24 16:00,17.72,51.4
11/23/24 20:00,15.28,66.97
11/24/24 0:00,12.72,77.89
11/24/24 4:00,11.24,79.59
11/24/24 8:00,12.07,83.11
11/24/24 12:00,19.24,53.05
11/24/24 16:00,18.98,51.26
11/24/24 20:00,16.48,73.34
11/25/24 0:00,15.16,82.22
11/25/24 4:00,14.68,85.24
11/25/24 8:00,15.38,84.5
11/25/24 12:00,20.53,56.06
11/25/24 16:00,20.73,52.37
11/25/24 20:00,17.66,57.88
11/26/24 0:00,16.42,65.46
11/26/24 4:00,15.04,71.65
11/26/24 8:00,13.76,76.57
11/26/24 12:00,19.56,53.92
11/26/24 16:00,20.31,59.41
11/26/24 20:00,16.01,81.4
11/27/24 0:00,14.04,80.12
11/27/24 4:00,13.23,78.37
11/27/24 8:00,13.05,75.29
11/27/24 12:00,19.85,50.53
11/27/24 16:00,20.75,57.39
11/27/24 20:00,16.9,77.14
11/28/24 0:00,14.14,78.32
11/28/24 4:00,13.62,83
11/28/24 8:00,15,86.69
11/28/24 12:00,17.91,79.99
11/28/24 16:00,20.88,64.08
11/28/24 20:00,17.19,86.85
11/29/24 0:00,16.58,85.58
11/29/24 4:00,14.71,89.59
11/29/24 8:00,14.82,88.64
11/29/24 12:00,19.24,63.41
11/29/24 16:00,19.37,55.87
11/29/24 20:00,16.76,72.48
11/30/24 0:00,16.54,79.59
11/30/24 4:00,17.38,82.77
11/30/24 8:00,15.94,82.85
11/30/24 12:00,19.12,50.3
11/30/24 16:00,17.03,52.45
11/30/24 20:00,14.34,69.4
12/1/24 0:00,13.68,69.44
12/1/24 4:00,13,73.43
12/1/24 8:00,14.11,76.08
12/1/24 12:00,17.51,44.96
12/1/24 16:00,17.61,49.58
12/1/24 20:00,14.84,65.45
12/2/24 0:00,14.03,71.62
12/2/24 4:00,13.46,77.19
12/2/24 8:00,13.57,84.05
12/2/24 12:00,18.01,53.31
12/2/24 16:00,17.96,54.33
12/2/24 20:00,16.14,68.01
12/3/24 0:00,15.36,80.05
12/3/24 4:00,15.96,85.33
12/3/24 8:00,16.15,83.02
12/3/24 12:00,18.4,69.39
12/3/24 16:00,18.84,60.54
12/3/24 20:00,16.5,76.83
12/4/24 0:00,15,82.76
12/4/24 4:00,15.19,86.46
12/4/24 8:00,14.3,83.98
12/4/24 12:00,17.73,63.15
12/4/24 16:00,18.05,70.91
12/4/24 20:00,15.84,85.29
12/5/24 0:00,15.19,80.32
12/5/24 4:00,14.54,78.23
12/5/24 8:00,14.57,67.89
12/5/24 12:00,16.55,57.5
12/5/24 16:00,16.47,53.44
12/5/24 20:00,14.91,56.19
12/6/24 0:00,15.66,59.32
12/6/24 4:00,14.61,57.53
12/6/24 8:00,14.43,59.75
12/6/24 12:00,17.92,53.08
12/6/24 16:00,17.45,68.66
12/6/24 20:00,17.32,59.42
12/7/24 0:00,17.49,70.53
12/7/24 4:00,17.6,68.28
12/7/24 8:00,17.56,75.78
12/7/24 12:00,19.48,50.76
12/7/24 16:00,18.53,56.1
12/7/24 20:00,16.12,82.01
12/8/24 0:00,16.85,73.98
12/8/24 4:00,15.91,78.52
12/8/24 8:00,14.27,75.72
12/8/24 12:00,15.73,55.47
12/8/24 16:00,14.33,67.92
12/8/24 20:00,13.47,67.16
12/9/24 0:00,12.6,66.99
12/9/24 4:00,11.76,67.94
12/9/24 8:00,11.58,69.58
12/9/24 12:00,15.83,51.83
12/9/24 16:00,16.62,49.64
12/9/24 20:00,13.02,71.15
12/10/24 0:00,11.99,76.83
12/10/24 4:00,11.22,76.06
12/10/24 8:00,10.76,72.33
12/10/24 12:00,15.88,48.49
12/10/24 16:00,15.67,52.35
12/10/24 20:00,12.97,67.66
12/11/24 0:00,10.31,78.99
12/11/24 4:00,8.98,80.9
12/11/24 8:00,8.77,75.77
12/11/24 12:00,15.37,53.87
12/11/24 16:00,16.28,64.36
12/11/24 20:00,13.63,84.13
12/12/24 0:00,11.97,77.12
12/12/24 4:00,14.15,83.4
12/12/24 8:00,15.25,84.6
12/12/24 12:00,18.46,74.68
12/12/24 16:00,18.93,68.81
12/12/24 20:00,16.93,85.11
12/13/24 0:00,14.72,89.27
12/13/24 4:00,14.59,90.48
12/13/24 8:00,14.24,90.01
12/13/24 12:00,17.51,74.88
12/13/24 16:00,19.19,66.73
12/13/24 20:00,15.59,78.79
12/14/24 0:00,13.18,86.87
12/14/24 4:00,11.37,89.01
12/14/24 8:00,11.86,84.91
12/14/24 12:00,17.51,63.74
12/14/24 16:00,18.88,54.7
12/14/24 20:00,15.68,74.57
12/15/24 0:00,13.91,79.26
12/15/24 4:00,13.85,80.35
12/15/24 8:00,13.8,81.4
12/15/24 12:00,15.6,65.24
12/15/24 16:00,14.42,62.04
12/15/24 20:00,13.64,65.1
12/16/24 0:00,13.72,71.7
12/16/24 4:00,13.26,74.76
12/16/24 8:00,13.79,74.04
12/16/24 12:00,17.38,47.25
12/16/24 16:00,16.74,55.58
12/16/24 20:00,14.42,70.91
12/17/24 0:00,13.9,74.9
12/17/24 4:00,13.02,74.44
12/17/24 8:00,12.75,76.2
12/17/24 12:00,16.77,65.91
12/17/24 16:00,16.22,61.78
12/17/24 20:00,14.62,72.75
12/18/24 0:00,12.04,84.83
12/18/24 4:00,11.15,83.19
12/18/24 8:00,9.77,84.14
12/18/24 12:00,15.59,64.61
12/18/24 16:00,17.01,70.11
12/18/24 20:00,13.45,80.54
12/19/24 0:00,12.54,80.45
12/19/24 4:00,11.13,79.34
12/19/24 8:00,11.28,73.56
12/19/24 12:00,16.81,57.12
12/19/24 16:00,17.03,52.48
12/19/24 20:00,14.95,64.03
12/20/24 0:00,16.45,58.53
12/20/24 4:00,17.03,67.97
12/20/24 8:00,15.24,75.11
12/20/24 12:00,16.18,59.89
12/20/24 16:00,15.89,47.64
12/20/24 20:00,15.16,51.58
12/21/24 0:00,14.25,57.12
12/21/24 4:00,13.97,57.81
12/21/24 8:00,14.42,59.89
12/21/24 12:00,16.1,52.41
12/21/24 16:00,15.92,54.32
12/21/24 20:00,13.9,66.66
12/22/24 0:00,13.56,77.04
12/22/24 4:00,13.54,77.42
12/22/24 8:00,13.27,77.69
12/22/24 12:00,16.14,68.62
12/22/24 16:00,15.98,67.38
12/22/24 20:00,14.2,73.89
12/23/24 0:00,12.76,70.36
12/23/24 4:00,13.37,51.72
12/23/24 8:00,13.19,64.89
12/23/24 12:00,15.49,48.53
12/23/24 16:00,15.08,45.81
12/23/24 20:00,12.5,65.34
12/24/24 0:00,11.95,70.8
12/24/24 4:00,11.66,72.12
12/24/24 8:00,11.84,59.06
12/24/24 12:00,16.14,37.69
12/24/24 16:00,14.76,38.39
12/24/24 20:00,12.82,48.02
12/25/24 0:00,12.61,53.5
12/25/24 4:00,11.45,52.01
12/25/24 8:00,12.53,51.83
12/25/24 12:00,14.06,68.14
12/25/24 16:00,14.26,65.86
12/25/24 20:00,12.66,66.87
12/26/24 0:00,12.61,75.73
12/26/24 4:00,11.71,72.21
12/26/24 8:00,13.08,75.89
12/26/24 12:00,14.85,75.79
12/26/24 16:00,14.95,75.62
12/26/24 20:00,12.86,82.06
12/27/24 0:00,12.5,85.9
12/27/24 4:00,12.59,86.26
12/27/24 8:00,12.56,84.36
12/27/24 12:00,15.33,79.03
12/27/24 16:00,14.89,78.52
12/27/24 20:00,13.09,81.34
12/28/24 0:00,13.08,85.84
12/28/24 4:00,13.24,79.77
12/28/24 8:00,12.62,82.56
12/28/24 12:00,16.11,63.44
12/28/24 16:00,16.79,62.67
12/28/24 20:00,13.54,79.99
12/29/24 0:00,12.38,84.48
12/29/24 4:00,11.78,84.42
12/29/24 8:00,11.67,84.58
12/29/24 12:00,16.59,65.9
12/29/24 16:00,17.43,61.4
12/29/24 20:00,13.34,80.03
12/30/24 0:00,11.58,85.55
12/30/24 4:00,10.54,88.96
12/30/24 8:00,10.17,87.6
12/30/24 12:00,15.98,68.61
12/30/24 16:00,16.49,60.3
12/30/24 20:00,14.07,80.24
12/31/24 0:00,12.17,89.12
12/31/24 4:00,10.29,87.16
12/31/24 8:00,9.6,89
12/31/24 12:00,15.26,73.74
12/31/24 16:00,16.08,71.98
12/31/24 20:00,13.96,85.75
1/1/25 0:00,13.2,84.35
1/1/25 4:00,12.15,85.97
1/1/25 8:00,11.76,90.92
1/1/25 12:00,16.97,75.47
1/1/25 16:00,16.63,71.56
1/1/25 20:00,14.55,78.02
1/2/25 0:00,13.79,83.77
1/2/25 4:00,13.09,83.5
1/2/25 8:00,13.38,81.62
1/2/25 12:00,17.51,64.05
1/2/25 16:00,16.79,67.51
1/2/25 20:00,14.63,77.82
1/3/25 0:00,12.2,87.19
1/3/25 4:00,11.34,85.41
1/3/25 8:00,10.63,87.36
1/3/25 12:00,15.62,73.65
1/3/25 16:00,17.64,63.71
1/3/25 20:00,14.27,81
1/4/25 0:00,14.17,81.55
1/4/25 4:00,14.06,79.83
1/4/25 8:00,13.96,73.37
1/4/25 12:00,17.13,69.68
1/4/25 16:00,16.86,72.46
1/4/25 20:00,15.07,81.11
1/5/25 0:00,13.76,84.27
1/5/25 4:00,13.17,80.67
1/5/25 8:00,12.52,82.27
1/5/25 12:00,17.27,65.09
1/5/25 16:00,19.41,56.73
1/5/25 20:00,15.34,64.8
1/6/25 0:00,13.6,67.69
1/6/25 4:00,12.48,70.32
1/6/25 8:00,13,60.69
1/6/25 12:00,17.44,55.37
1/6/25 16:00,18.93,54.29
1/6/25 20:00,16.45,53.89
1/7/25 0:00,15.02,65.92
1/7/25 4:00,13.5,67.87
1/7/25 8:00,12.43,73.54
1/7/25 12:00,17.49,60.46
1/7/25 16:00,17.05,62.8
1/7/25 20:00,14.99,75.1
1/8/25 0:00,14.26,69.79
1/8/25 4:00,12.82,78.96
1/8/25 8:00,11.75,77.71
1/8/25 12:00,16.61,59.29
1/8/25 16:00,17.59,57.57
1/8/25 20:00,13.95,72.35
1/9/25 0:00,11.75,71.82
1/9/25 4:00,11.28,72.28
1/9/25 8:00,11.06,65.67
1/9/25 12:00,17.38,54.51
1/9/25 16:00,18.74,50.43
1/9/25 20:00,16.69,66.34
1/10/25 0:00,14.23,75.93
1/10/25 4:00,14.9,77.98
1/10/25 8:00,14.26,81.82
1/10/25 12:00,18.45,65.28
1/10/25 16:00,18.75,61.2
1/10/25 20:00,16.22,76.15
1/11/25 0:00,14.91,80.81
1/11/25 4:00,14.35,80.46
1/11/25 8:00,13.43,76.28
1/11/25 12:00,18.04,57.31
1/11/25 16:00,18.08,57.46
1/11/25 20:00,16.61,68.79
1/12/25 0:00,15.84,75.8
1/12/25 4:00,14.79,82.62
1/12/25 8:00,14.76,70.95
1/12/25 12:00,16.41,56.68
1/12/25 16:00,15.61,65.06
1/12/25 20:00,12.92,82.54
1/13/25 0:00,12.94,84.68
1/13/25 4:00,11.89,83.27
1/13/25 8:00,11.78,83.63
1/13/25 12:00,13.19,73.51
1/13/25 16:00,12.95,73.32
1/13/25 20:00,12.34,73.28
1/14/25 0:00,11.32,81.51
1/14/25 4:00,11.39,81.32
1/14/25 8:00,12.12,82.55
1/14/25 12:00,13.51,83.04
1/14/25 16:00,14.64,73.46
1/14/25 20:00,13.58,66.15
1/15/25 0:00,13.44,71.87
1/15/25 4:00,12,78.77
1/15/25 8:00,11.56,81.34
1/15/25 12:00,14.09,65.01
1/15/25 16:00,14.62,59.65
1/15/25 20:00,11.58,73.63
1/16/25 0:00,11.83,78.51
1/16/25 4:00,11.4,80.7
1/16/25 8:00,10.51,83.15
1/16/25 12:00,14.53,67.51
1/16/25 16:00,15.62,51.63
1/16/25 20:00,12.6,74.35
1/17/25 0:00,12.9,73.07
1/17/25 4:00,13.67,83.75
1/17/25 8:00,13.96,81.01
1/17/25 12:00,16.68,75.95
1/17/25 16:00,13.13,72.43
1/17/25 20:00,11.41,69.65
1/18/25 0:00,12.94,65.73
1/18/25 4:00,12.54,65.78
1/18/25 8:00,12.14,79.64
1/18/25 12:00,14.38,61.89
1/18/25 16:00,14.79,61.48
1/18/25 20:00,13.17,73.07
1/19/25 0:00,12.89,75.53
1/19/25 4:00,11.27,83.87
1/19/25 8:00,10.69,82.55
1/19/25 12:00,16.27,63.94
1/19/25 16:00,17.12,55.31
1/19/25 20:00,13.3,77.33
1/20/25 0:00,12.81,81.04
1/20/25 4:00,12.41,79.73
1/20/25 8:00,11.79,81.89
1/20/25 12:00,16.18,60.46
1/20/25 16:00,17.11,52.48
1/20/25 20:00,13.7,76.12
1/21/25 0:00,11.86,83.94
1/21/25 4:00,9.86,87.07
1/21/25 8:00,9.55,85.57
1/21/25 12:00,16.21,55.36
1/21/25 16:00,17.28,55.57
1/21/25 20:00,15.97,70.37
1/22/25 0:00,13.13,77.8
1/22/25 4:00,11.7,80.29
1/22/25 8:00,12.41,69.85
1/22/25 12:00,18.76,54.05
1/22/25 16:00,20.08,57.18
1/22/25 20:00,15.35,73.32
1/23/25 0:00,14.28,76.77
1/23/25 4:00,14.63,58.26
1/23/25 8:00,14.35,49.65
1/23/25 12:00,19.42,49.9
1/23/25 16:00,19.61,52.56
1/23/25 20:00,15.23,72
1/24/25 0:00,13.26,72.34
1/24/25 4:00,12.9,69.91
1/24/25 8:00,13.06,67.77
1/24/25 12:00,19.13,60.23
1/24/25 16:00,19.64,57.92
1/24/25 20:00,15,80.39
1/25/25 0:00,12.76,86.27
1/25/25 4:00,12.22,85.41
1/25/25 8:00,10.92,86.05
1/25/25 12:00,19.01,61.01
1/25/25 16:00,18.62,59.27
1/25/25 20:00,16.88,65.43
1/26/25 0:00,15.34,66.09
1/26/25 4:00,15.87,64.9
1/26/25 8:00,14.13,76.01
1/26/25 12:00,18.68,55.5
1/26/25 16:00,19.5,56.06
1/26/25 20:00,15.4,75.05
1/27/25 0:00,14.25,80.37
1/27/25 4:00,12.91,78.43
1/27/25 8:00,13.1,70.12
1/27/25 12:00,19.01,59.53
1/27/25 16:00,20.15,56.87
1/27/25 20:00,15.72,66.21
1/28/25 0:00,15.27,67.44
1/28/25 4:00,15.06,59.1
1/28/25 8:00,15.61,55.08
1/28/25 12:00,19.36,61.6
1/28/25 16:00,18.83,57.34
1/28/25 20:00,16.2,67.17
1/29/25 0:00,14.88,77.26
1/29/25 4:00,13.25,76.48
1/29/25 8:00,12.4,79.44
1/29/25 12:00,15.73,62.06
1/29/25 16:00,16.39,58.18
1/29/25 20:00,14.09,71.45
1/30/25 0:00,12.65,78.4
1/30/25 4:00,11.47,81.36
1/30/25 8:00,11.48,76.92
1/30/25 12:00,17.18,55.64
1/30/25 16:00,18.94,48.5
1/30/25 20:00,14.54,66.7
1/31/25 0:00,13.7,68.54
1/31/25 4:00,11.21,79.36
1/31/25 8:00,11.34,80.16
1/31/25 12:00,17.22,67.11
1/31/25 16:00,19.14,36.32
1/31/25 20:00,15.04,83.2
2/1/25 0:00,12.76,91.15
2/1/25 4:00,12.38,90.45
2/1/25 8:00,12.88,87.71
2/1/25 12:00,15.74,75.19
2/1/25 16:00,14.98,81.38
2/1/25 20:00,14.57,84.66
2/2/25 0:00,13.94,85.56
2/2/25 4:00,11.66,83.37
2/2/25 8:00,13.31,80.01
2/2/25 12:00,16.25,59.39
2/2/25 16:00,16.38,57.06
2/2/25 20:00,13.73,71.66
2/3/25 0:00,12.01,78.86
2/3/25 4:00,11.95,78.16
2/3/25 8:00,11.2,72.74
2/3/25 12:00,14.65,68.23
2/3/25 16:00,15.83,73.13
2/3/25 20:00,14.04,82.61
2/4/25 0:00,13.81,84.62
2/4/25 4:00,12.7,86.99
2/4/25 8:00,13.08,85.46
2/4/25 12:00,16.6,63.01
2/4/25 16:00,16.63,67.09
2/4/25 20:00,13.88,86.77
2/5/25 0:00,13.3,84.14
2/5/25 4:00,12.89,83.24
2/5/25 8:00,12.81,78.59
2/5/25 12:00,17.04,56.86
2/5/25 16:00,16.94,59.38
2/5/25 20:00,13.73,78.53
2/6/25 0:00,12.33,86.1
2/6/25 4:00,11.47,89.13
2/6/25 8:00,11.06,88.37
2/6/25 12:00,16.36,65.17
2/6/25 16:00,15.79,71.01
2/6/25 20:00,13.12,81.08
2/7/25 0:00,12.17,83.89
2/7/25 4:00,10.27,88.61
2/7/25 8:00,10.55,88.96
2/7/25 12:00,15,73.22
2/7/25 16:00,14.58,79.6
2/7/25 20:00,13.18,87.99
2/8/25 0:00,13.33,86.06
2/8/25 4:00,13.76,86.5
2/8/25 8:00,13.8,86.91
2/8/25 12:00,15.46,73.74
2/8/25 16:00,16.54,61.54
2/8/25 20:00,14.18,85.76
2/9/25 0:00,11.77,87.2
2/9/25 4:00,12.51,83.9
2/9/25 8:00,13.65,80.68
2/9/25 12:00,14.79,62.11
2/9/25 16:00,14.73,71.69
2/9/25 20:00,13.81,80.44
2/10/25 0:00,13.2,76.38
2/10/25 4:00,12.79,77.64
2/10/25 8:00,12.69,78.95
2/10/25 12:00,17.3,58.09
2/10/25 16:00,16.25,62.73
2/10/25 20:00,14.37,79.83
2/11/25 0:00,12.12,88.38
2/11/25 4:00,12.88,85.78
2/11/25 8:00,13.14,86.48
2/11/25 12:00,17.77,59.9
2/11/25 16:00,17.43,60.73
2/11/25 20:00,14.47,80.07
2/12/25 0:00,13.57,83.04
2/12/25 4:00,12.9,80.07
2/12/25 8:00,12.34,78.49
2/12/25 12:00,19.12,52.7
2/12/25 16:00,19.31,47.65
2/12/25 20:00,15.62,78.22
2/13/25 0:00,13.77,76.21
2/13/25 4:00,12.94,78.52
2/13/25 8:00,13.52,80.85
2/13/25 12:00,17.43,63.18
2/13/25 16:00,18.55,54.77
2/13/25 20:00,15.96,77.54
2/14/25 0:00,14.54,84.82
2/14/25 4:00,13.6,85.72
2/14/25 8:00,12.47,84.6
2/14/25 12:00,17.14,60.38
2/14/25 16:00,16.88,58.58
2/14/25 20:00,14.89,71.71
2/15/25 0:00,13.28,78.46
2/15/25 4:00,13.57,73.17
2/15/25 8:00,13.3,72.5
2/15/25 12:00,16.3,53.38
2/15/25 16:00,16.51,45.34
2/15/25 20:00,13.76,65.17
2/16/25 0:00,12.95,70.09
2/16/25 4:00,12.46,72.33
2/16/25 8:00,11.87,78.48
2/16/25 12:00,17.07,57.35
2/16/25 16:00,17.53,58.37
2/16/25 20:00,14.35,78.46
2/17/25 0:00,12.41,88.73
2/17/25 4:00,11.2,78.63
2/17/25 8:00,10.9,80.51
2/17/25 12:00,17.5,62.44
2/17/25 16:00,17.26,59.15
2/17/25 20:00,14.61,74.87
2/18/25 0:00,12.85,81.55
2/18/25 4:00,12.07,81.16
2/18/25 8:00,11.9,83.34
2/18/25 12:00,17.39,62.3
2/18/25 16:00,18.59,51.71
2/18/25 20:00,14.27,80.38
2/19/25 0:00,12.91,89.26
2/19/25 4:00,11.95,90.82
2/19/25 8:00,12.68,84.22
2/19/25 12:00,18.77,62.43
2/19/25 16:00,19.41,54.11
2/19/25 20:00,14.88,81.04
2/20/25 0:00,14.38,81.77
2/20/25 4:00,12.76,85.93
2/20/25 8:00,12.88,83.85
2/20/25 12:00,19.27,64.3
2/20/25 16:00,20.02,54.09
2/20/25 20:00,14.78,79.23
2/21/25 0:00,14.11,82.77
2/21/25 4:00,13.75,89.31
2/21/25 8:00,12.47,89.9
2/21/25 12:00,17.56,59.86
2/21/25 16:00,18.22,57.28
2/21/25 20:00,14.92,77.18
2/22/25 0:00,14.46,82.18
2/22/25 4:00,13.46,82.43
2/22/25 8:00,14,79.2
2/22/25 12:00,18.62,55.73
2/22/25 16:00,19.42,44.5
2/22/25 20:00,15.96,68.41
2/23/25 0:00,15.42,68.83
2/23/25 4:00,13.99,69.89
2/23/25 8:00,14.01,68.67
2/23/25 12:00,17.95,51.19
2/23/25 16:00,18.32,54.59
2/23/25 20:00,15.75,74.68
2/24/25 0:00,14.56,81.65
2/24/25 4:00,13.48,88.24
2/24/25 8:00,14.02,89.98
2/24/25 12:00,18.38,63.3
2/24/25 16:00,18.03,62.98
2/24/25 20:00,16.06,78
2/25/25 0:00,14.71,83.82
2/25/25 4:00,14,87.39
2/25/25 8:00,13.28,88.16
2/25/25 12:00,17.73,65.58
2/25/25 16:00,19.31,55.08
2/25/25 20:00,16.66,78.99
2/26/25 0:00,15.54,78.69
2/26/25 4:00,15.08,78.64
2/26/25 8:00,14.38,79.96
2/26/25 12:00,16.38,75.79
2/26/25 16:00,15.84,66.47
2/26/25 20:00,14.44,62.51
2/27/25 0:00,13.16,59.82
2/27/25 4:00,12.19,74.42
2/27/25 8:00,13.1,66.64
2/27/25 12:00,17.17,52.87
2/27/25 16:00,18.22,48.84
2/27/25 20:00,14.98,72.41
2/28/25 0:00,11.95,87.1
2/28/25 4:00,11.24,88.69
2/28/25 8:00,11.25,86.16
2/28/25 12:00,17.65,61.95
2/28/25 16:00,19.88,55.95
2/28/25 20:00,16.52,75.04
3/1/25 0:00,13.69,80.68
3/1/25 4:00,13.01,72.52
3/1/25 8:00,14.72,59.55
3/1/25 12:00,20.75,42.42
3/1/25 16:00,20.86,42.74
3/1/25 20:00,17.28,59.28